"","backpack_weight","body_weight","ratio","back_problems"
"1",9,125,0.072,1
"2",8,195,0.0410256,0
"3",10,120,0.0833333,1
"4",6,155,0.0387097,0
"5",8,180,0.0444444,0
"6",5,240,0.0208333,0
